;extreme;catch_increase;clams_density;catch_rate;surveillance;TURF_area
extreme;1;0.22709483;0.527507862;0.472807362;0.502016026;0.437991431
catch_increase;0.22709483;1;0.834435668;0.804644766;0.67593019;0.24444568
clams_density;0.527507862;0.834435668;1;0.785512706;0.75151127;0.403469379
catch_rate;0.472807362;0.804644766;0.785512706;1;0.357016881;-0.051006593
surveillance;0.502016026;0.67593019;0.75151127;0.357016881;1;0.863273195
TURF_area;0.437991431;0.24444568;0.403469379;-0.051006593;0.863273195;1