;catch_increase;clams_density;catch_rate;surveillance
catch_increase;1;-0.834435668;-0.804644766;-0.67593019
clams_density;-0.834435668;1;0.785512706;0.75151127
catch_rate;-0.804644766;0.785512706;1;0.357016881
surveillance;-0.67593019;0.75151127;0.357016881;1