;clams_density;catch_rate;surveillance
clams_density;1;0.785512706;0.75151127
catch_rate;0.785512706;1;0.357016881
surveillance;0.75151127;0.357016881;1