;biomass;turf.area;Biodiversity
biomass;1;0.609671314;0.401366732
turf.area;0.609671314;1;0.752356245
Biodiversity;0.401366732;0.752356245;1