;sea_conditions;sp_catch_dep;clams_richness;biodiversity;eco_importance
sea_conditions;1;-0.139966313;-0.2;-0.58130366;-0.489488217
sp_catch_dep;-0.139966313;1;0.557711923;0.433101134;0.815107524
clams_richness;-0.2;0.557711923;1;0.871955489;0.480628702
biodiversity;-0.58130366;0.433101134;0.871955489;1;0.502517947
eco_importance;-0.489488217;0.815107524;0.480628702;0.502517947;1